Overall Summary Statistics,User: test
Metric,Min,Max,Mean
Throughput,1.103527633892135,1.8052693859725477,1.374898220375073
Movement Time,0.2517508665720622,0.34518374337090385,0.3080438154715079
Target Error,144.08209134510145,170.9558918592777,158.55228469327756
OSD,34.60881488559469,137.891098448466,72.63866225476252
