{"throughput_standard": {"user_colin": {"n_train_mse": [6, 7, 8, 9, 10, 11, 12, 13, 14, 15, 16, 17, 18, 19, 20, 21, 22], "n_train_full_mse": [6, 7, 8, 9, 10, 11, 12, 13, 14, 15, 16, 17, 18, 19, 20, 21, 22], "full_mse_scores": [0.766510588039467, 0.6333675957493925, 0.1525039615953814, 0.1734777982460636, 0.15009270731638802, 0.14754514368532556, 0.13298879059347038, 0.13602655069310418, 0.13013019449241392, 0.13632833101920525, 0.13579291849227695, 0.16439147050409672, 0.14328437820648213, 0.1509582304074104, 0.12930285302949024, 0.13059548135656218, 0.12770309975499425], "mse_scores": [1.0220141173859558, 0.8895114224816596, 0.14807826529354012, 0.21592103635383483, 0.1730461002356134, 0.13461498124145754, 0.10848971351829151, 0.12102553759446998, 0.10536691072690847, 0.12107077640921357, 0.15435036057355095, 0.3045358230326412, 0.2729706575566338, 0.3760371516323164, 0.12656340764714108, 0.09595830902197931, 0.0006385858754754416], "n_train_all": [6, 7, 8, 9, 10, 11, 12, 13, 14, 15, 16, 17, 18, 19, 20, 21, 22], "match_rate": [0.0, 0.0, 0.0, 0.5, 0.5, 0.0, 0.25, 0.25, 0.25, 0.25, 0.5, 0.0, 0.5, 0.25, 0.25, 0.25, 0.25], "scale_error": [0.45000000000000007, 0.45000000000000007, 0.25625, 0.14375, 0.15, 0.275, 0.17500000000000002, 0.21250000000000002, 0.16875, 0.175, 0.125, 0.2625, 0.15, 0.16875, 0.175, 0.19375000000000003, 0.14999999999999997], "n_train_p": [0.25, 0.2916666666666667, 0.3333333333333333, 0.375, 0.4166666666666667, 0.4583333333333333, 0.5, 0.5416666666666666, 0.5833333333333334, 0.625, 0.6666666666666666, 0.7083333333333334, 0.75, 0.7916666666666666, 0.8333333333333334, 0.875, 0.9166666666666666], "posterior_hyperparams": [