{"throughput": {"user_jason": {"n_train_mse": [26], "n_train_full_mse": [26], "full_mse_scores": [0.015546631984067865], "mse_scores": [0.03024312438539449], "n_train_all": [26], "match_rate": [0.5], "scale_error": [0.056249999999999994], "n_train_p": [0.9285714285714286]}, "user_lauren": {"n_train_mse": [18], "n_train_full_mse": [18], "full_mse_scores": [0.0636625941723148], "mse_scores": [0.003513987503594621], "n_train_all": [18], "match_rate": [0.75], "scale_error": [0.03125], "n_train_p": [0.9]}, "user_lizzie2": {"n_train_mse": [20], "n_train_full_mse": [20], "full_mse_scores": [0.20441885369699522], "mse_scores": [0.05549817325278447], "n_train_all": [20], "match_rate": [0.5], "scale_error": [0.16249999999999998], "n_train_p": [0.9090909090909091]}, "user_sarah1": {"n_train_mse": [23], "n_train_full_mse": [23], "full_mse_scores": [0.06666182263609392], "mse_scores": [0.010594913314740667], "n_train_all": [23], "match_rate": [0.6], "scale_error": [0.19499999999999998], "n_train_p": [0.92]}, "user_shreya": {"n_train_mse": [22], "n_train_full_mse": [22], "full_mse_scores": [0.06733857105186113], "mse_scores": [0.06717281681781712], "n_train_all": [22], "match_rate": [0.0], "scale_error": [0.19999999999999996], "n_train_p": [0.9166666666666666]}, "user_sujaan": {"n_train_mse": [22], "n_train_full_mse": [22], "full_mse_scores": [0.046304250078471415], "mse_scores": [0.07551844092345397], "n_train_all": [22], "match_rate": [0.75], "scale_error": [0.0875], "n_train_p": [0.9166666666666666]}, "user_xiao": {"n_train_mse": [22], "n_train_full_mse": [22], "full_mse_scores": [0.07602084729215926], "mse_scores": [0.07189547816018561], "n_train_all": [22], "match_rate": [0.5], "scale_error": [0.16874999999999996], "n_train_p": [0.9166666666666666]}, "user_yutong": {"n_train_mse": [22], "n_train_full_mse": [22], "full_mse_scores": [0.0735631643689083], "mse_scores": [0.12981079816942204], "n_train_all": [22], "match_rate": [0.5], "scale_error": [0.16249999999999998], "n_train_p": [0.9166666666666666]}}, "avg_target_error": {"user_jason": {"n_train_mse": [26], "n_train_full_mse": [26], "full_mse_scores": [0.4817020334623336], "mse_scores": [5.9481220649386595], "n_train_all": [26], "match_rate": [0.5], "scale_error": [0.012500000000000004], "n_train_p": [0.9285714285714286]}, "user_lauren": {"n_train_mse": [18], "n_train_full_mse": [18], "full_mse_scores": [7.395019266098993], "mse_scores": [50.75508836677289], "n_train_all": [18], "match_rate": [0.25], "scale_error": [0.125], "n_train_p": [0.9]}, "user_lizzie2": {"n_train_mse": [20], "n_train_full_mse": [20], "full_mse_scores": [17.48817737884468], "mse_scores": [32.196335262034246], "n_train_all": [20], "match_rate": [0.25], "scale_error": [0.1125], "n_train_p": [0.9090909090909091]}, "user_sarah1": {"n_train_mse": [23], "n_train_full_mse": [23], "full_mse_scores": [140.53702345944754], "mse_scores": [31.78590115144887], "n_train_all": [23], "match_rate": [0.8], "scale_error": [0.15999999999999998], "n_train_p": [0.92]}, "user_shreya": {"n_train_mse": [22], "n_train_full_mse": [22], "full_mse_scores": [8.695174199629657], "mse_scores": [0.29002451088264725], "n_train_all": [22], "match_rate": [0.5], "scale_error": [0.09375], "n_train_p": [0.9166666666666666]}, "user_sujaan": {"n_train_mse": [22], "n_train_full_mse": [22], "full_mse_scores": [74.09124246794711], "mse_scores": [565.4451980126698], "n_train_all": [22], "match_rate": [0.75], "scale_error": [0.15], "n_train_p": [0.9166666666666666]}, "user_xiao": {"n_train_mse": [22], "n_train_full_mse": [22], "full_mse_scores": [0.8259953909884962], "mse_scores": [0.9111183212559167], "n_train_all": [22], "match_rate": [0.75], "scale_error": [0.0625], "n_train_p": [0.9166666666666666]}, "user_yutong": {"n_train_mse": [22], "n_train_full_mse": [22], "full_mse_scores": [4.845217838270822], "mse_scores": [18.418454480786124], "n_train_all": [22], "match_rate": [0.5], "scale_error": [0.1125], "n_train_p": [0.9166666666666666]}}, "avg_osd": {"user_jason": {"n_train_mse": [26], "n_train_full_mse": [26], "full_mse_scores": [8.039461545793802], "mse_scores": [109.688719330364], "n_train_all": [26], "match_rate": [0.25], "scale_error": [0.12499999999999999], "n_train_p": [0.9285714285714286]}, "user_lauren": {"n_train_mse": [18], "n_train_full_mse": [18], "full_mse_scores": [802.863620898314], "mse_scores": [2105.3009706157654], "n_train_all": [18], "match_rate": [0.5], "scale_error": [0.075], "n_train_p": [0.9]}, "user_lizzie2": {"n_train_mse": [20], "n_train_full_mse": [20], "full_mse_scores": [51.6937318883979], "mse_scores": [551.3001360367581], "n_train_all": [20], "match_rate": [0.75], "scale_error": [0.03125], "n_train_p": [0.9090909090909091]}, "user_sarah1": {"n_train_mse": [23], "n_train_full_mse": [23], "full_mse_scores": [177.4593474065762], "mse_scores": [1.7551123736569838], "n_train_all": [23], "match_rate": [0.8], "scale_error": [0.030000000000000006], "n_train_p": [0.92]}, "user_shreya": {"n_train_mse": [22], "n_train_full_mse": [22], "full_mse_scores": [43.78106363210196], "mse_scores": [167.4809287485568], "n_train_all": [22], "match_rate": [0.25], "scale_error": [0.08750000000000001], "n_train_p": [0.9166666666666666]}, "user_sujaan": {"n_train_mse": [22], "n_train_full_mse": [22], "full_mse_scores": [56.30907711419266], "mse_scores": [271.52413371045157], "n_train_all": [22], "match_rate": [0.25], "scale_error": [0.1125], "n_train_p": [0.9166666666666666]}, "user_xiao": {"n_train_mse": [22], "n_train_full_mse": [22], "full_mse_scores": [33.0773387379543], "mse_scores": [355.61339023806113], "n_train_all": [22], "match_rate": [0.25], "scale_error": [0.09374999999999999], "n_train_p": [0.9166666666666666]}, "user_yutong": {"n_train_mse": [22], "n_train_full_mse": [22], "full_mse_scores": [43.54655429825889], "mse_scores": [405.7883431264967], "n_train_all": [22], "match_rate": [0.5], "scale_error": [0.09374999999999999], "n_train_p": [0.9166666666666666]}}, "avg_movement_speed": {"user_jason": {"n_train_mse": [26], "n_train_full_mse": [26], "full_mse_scores": [94.87240072236611], "mse_scores": [3.587130265674724], "n_train_all": [26], "match_rate": [0.75], "scale_error": [0.15625], "n_train_p": [0.9285714285714286]}, "user_lauren": {"n_train_mse": [18], "n_train_full_mse": [18], "full_mse_scores": [3302.6957294293047], "mse_scores": [1730.0740737827177], "n_train_all": [18], "match_rate": [0.25], "scale_error": [0.17500000000000007], "n_train_p": [0.9]}, "user_lizzie2": {"n_train_mse": [20], "n_train_full_mse": [20], "full_mse_scores": [462.4012020364031], "mse_scores": [447.1578990557529], "n_train_all": [20], "match_rate": [0.75], "scale_error": [0.08749999999999997], "n_train_p": [0.9090909090909091]}, "user_sarah1": {"n_train_mse": [23], "n_train_full_mse": [23], "full_mse_scores": [931.9840820480459], "mse_scores": [1316.9476327972866], "n_train_all": [23], "match_rate": [0.4], "scale_error": [0.23499999999999996], "n_train_p": [0.92]}, "user_shreya": {"n_train_mse": [22], "n_train_full_mse": [22], "full_mse_scores": [1531.0388572458407], "mse_scores": [1415.5706035081362], "n_train_all": [22], "match_rate": [0.0], "scale_error": [0.42500000000000004], "n_train_p": [0.9166666666666666]}, "user_sujaan": {"n_train_mse": [22], "n_train_full_mse": [22], "full_mse_scores": [1269.474479511716], "mse_scores": [6639.231445356428], "n_train_all": [22], "match_rate": [0.5], "scale_error": [0.20625000000000002], "n_train_p": [0.9166666666666666]}, "user_xiao": {"n_train_mse": [22], "n_train_full_mse": [22], "full_mse_scores": [1103.0357949999664], "mse_scores": [1364.0455493321656], "n_train_all": [22], "match_rate": [0.25], "scale_error": [0.39999999999999997], "n_train_p": [0.9166666666666666]}, "user_yutong": {"n_train_mse": [22], "n_train_full_mse": [22], "full_mse_scores": [230.96748065963234], "mse_scores": [189.74382838169868], "n_train_all": [22], "match_rate": [0.75], "scale_error": [0.09374999999999994], "n_train_p": [0.9166666666666666]}},