{"throughput": {"user_jason": {"n_train_mse": [2, 3, 4, 5, 6, 7, 8, 9, 10, 11, 12, 13, 14, 15, 16, 17, 18, 19, 20, 21, 22, 23, 24, 25, 26], "n_train_full_mse": [2, 3, 4, 5, 6, 7, 8, 9, 10, 11, 12, 13, 14, 15, 16, 17, 18, 19, 20, 21, 22, 23, 24, 25, 26], "full_mse_scores": [2.2317817979426673, 2.094640170109645, 1.842188385172774, 1.9732408419393586, 0.6203648355682722, 0.40262310257712125, 0.924800916472469, 1.3386992908076887, 0.3986257634420402, 0.23251641142573024, 0.45310690072073695, 0.5866661263100479, 0.11346531783891778, 0.12813149348848407, 0.22772154637349357, 0.24914288592835085, 0.03971770176233185, 0.08746315395281777, 0.038132280171358564, 0.24052264772719398, 0.033028417819011245, 0.06709514670427931, 0.04266948370794403, 0.06622212219559717, 0.014466481874300465], "mse_scores": [2.4034573208613343, 2.3459969905228024, 2.1492197827015698, 2.4022062423609585, 0.7895552452687101, 0.5368308034361616, 1.2947212830614565, 1.9728200075060673, 0.6200845209098405, 0.3829682070541439, 0.7929370762612895, 1.095110102445423, 0.22693063567783558, 0.2759755244367349, 0.531350274871485, 0.6341818914539841, 0.11120956493452919, 0.2721075900754331, 0.13346298059975498, 0.9620905909087759, 0.15413261648871915, 0.3757328215439642, 0.2986863859556082, 0.6180731404922403, 0.2025307462402065], "n_train_all": [2, 3, 4, 5, 6, 7, 8, 9, 10, 11, 12, 13, 14, 15, 16, 17, 18, 19, 20, 21, 22, 23, 24, 25, 26], "match_rate": [0.0, 0.0, 0.25, 0.0, 0.25, 0.0, 0.25, 0.25, 0.25, 0.0, 0.5, 0.5, 0.25, 0.25, 0.0, 0.5, 0.75, 0.75, 0.5, 0.25, 0.75, 0.5, 0.5, 0.75, 1.0], "scale_error": [0.375, 0.37375, 0.2385, 0.56525, 0.40349999999999997, 0.301, 0.28575, 0.28300000000000003, 0.45099999999999996, 0.2195, 0.21500000000000002, 0.21974999999999997, 0.22899999999999998, 0.21475, 0.2905, 0.12549999999999997, 0.07075000000000002, 0.05199999999999999, 0.066, 0.2525, 0.052000000000000005, 0.22924999999999998, 0.15799999999999997, 0.163, 0.047], "n_train_p": [0.07142857142857142, 0.10714285714285714, 0.14285714285714285, 0.17857142857142858, 0.21428571428571427, 0.25, 0.2857142857142857, 0.32142857142857145, 0.35714285714285715, 0.39285714285714285, 0.42857142857142855, 0.4642857142857143, 0.5, 0.5357142857142857, 0.5714285714285714, 0.6071428571428571, 0.6428571428571429, 0.6785714285714286, 0.7142857142857143, 0.75, 0.7857142857142857, 0.8214285714285714, 0.8571428571428571, 0.8928571428571429, 0.9285714285714286]}}}