{"throughput": {"user_jason": {"n_train_mse": [2, 3, 4, 5, 6, 7, 8, 9, 10, 11, 12, 13, 14, 15, 16, 17, 18, 19, 20, 21, 22, 23, 24, 25, 26], "n_train_full_mse": [2, 3, 4, 5, 6, 7, 8, 9, 10, 11, 12, 13, 14, 15, 16, 17, 18, 19, 20, 21, 22, 23, 24, 25, 26], "full_mse_scores": [1.9598954825500523, 1.855834239477202, 1.7928872926364172, 1.8606829735561452, 2.499521538321274, 2.3505907824405408, 2.2844305076510665, 2.282045276812391, 2.0286184573946557, 0.42540841012936237, 1.4638174198704121, 0.9452637530727219, 0.06721700617829555, 0.20345116133636626, 0.1795179867484745, 0.7079264980276065, 0.2261274195172501, 0.4967050601643546, 0.47140845702087153, 0.8622786584433632, 0.08105119485661781, 0.14617170252269923, 0.13635530630048998, 0.6547453912784923, 0.019675424340282483], "mse_scores": [2.110656673515441, 2.0785343482144665, 2.091701841409153, 2.2651792721553075, 3.1812092305907114, 3.134121043254055, 3.1982027107114925, 3.3630140921445757, 3.155628711502798, 0.700672675507185, 2.5616804847732206, 1.7644923390690805, 0.1344340123565911, 0.43820250133986577, 0.41887530241310716, 1.8019947222520896, 0.6331567746483004, 1.5453046316224366, 1.64992959957305, 3.4491146337734535, 0.3782389093308831, 0.8185615341271157, 0.9544871441034298, 6.110956985265928, 0.27545594076395474], "n_train_all": [2, 3, 4, 5, 6, 7, 8, 9, 10, 11, 12, 13, 14, 15, 16, 17, 18, 19, 20, 21, 22, 23, 24, 25, 26], "match_rate": [0.0, 0.25, 0.25, 0.25, 0.25, 0.0, 0.0, 0.5, 0.5, 0.25, 0.25, 0.25, 0.5, 0.5, 0.25, 0.25, 0.5, 1.0, 0.75, 0.75, 0.5, 0.75, 0.75, 1.0, 1.0], "scale_error": [0.375, 0.55, 0.25, 0.55, 0.11250000000000002, 0.28750000000000003, 0.3625, 0.25, 0.12499999999999999, 0.24374999999999997, 0.20625, 0.2375, 0.11875, 0.1125, 0.28750000000000003, 0.3, 0.22499999999999998, 0.21250000000000002, 0.075, 0.19374999999999998, 0.07500000000000001, 0.24375000000000002, 0.06874999999999999, 0.0, 0.0], "n_train_p": [0.07142857142857142, 0.10714285714285714, 0.14285714285714285, 0.17857142857142858, 0.21428571428571427, 0.25, 0.2857142857142857, 0.32142857142857145, 0.35714285714285715, 0.39285714285714285, 0.42857142857142855, 0.4642857142857143, 0.5, 0.5357142857142857, 0.5714285714285714, 0.6071428571428571, 0.6428571428571429, 0.6785714285714286, 0.7142857142857143, 0.75, 0.7857142857142857, 0.8214285714285714, 0.8571428571428571, 0.8928571428571429, 0.9285714285714286]}}}