{"throughput": {"user_jason": {"n_train_mse": [26], "n_train_full_mse": [26], "full_mse_scores": [0.019212695374280886], "mse_scores": [0.2689777352399324], "n_train_all": [26], "match_rate": [1.0], "scale_error": [0.23125], "n_train_p": [0.9285714285714286]}, "user_lauren": {"n_train_mse": [18], "n_train_full_mse": [18], "full_mse_scores": [0.08770806911330023], "mse_scores": [0.8770806911330024], "n_train_all": [18], "match_rate": [1.0], "scale_error": [0.0], "n_train_p": [0.9]}, "user_lizzie2": {"n_train_mse": [20], "n_train_full_mse": [20], "full_mse_scores": [0.030350625978135027], "mse_scores": [0.3338568857594853], "n_train_all": [20], "match_rate": [1.0], "scale_error": [0.0], "n_train_p": [0.9090909090909091]}, "user_sarah1": {"n_train_mse": [23], "n_train_full_mse": [23], "full_mse_scores": [0.23370583684910196], "mse_scores": [2.9213229606137743], "n_train_all": [23], "match_rate": [0.8], "scale_error": [0.039999999999999994], "n_train_p": [0.92]}, "user_shreya": {"n_train_mse": [22], "n_train_full_mse": [22], "full_mse_scores": [0.019422031885630995], "mse_scores": [0.23306438262757195], "n_train_all": [22], "match_rate": [1.0], "scale_error": [0.0], "n_train_p": [0.9166666666666666]}, "user_sujaan": {"n_train_mse": [22], "n_train_full_mse": [22], "full_mse_scores": [0.07628677473259544], "mse_scores": [0.9154412967911453], "n_train_all": [22], "match_rate": [1.0], "scale_error": [0.0], "n_train_p": [0.9166666666666666]}, "user_xiao": {"n_train_mse": [22], "n_train_full_mse": [22], "full_mse_scores": [0.05044355012287616], "mse_scores": [0.6053226014745139], "n_train_all": [22], "match_rate": [1.0], "scale_error": [0.0], "n_train_p": [0.9166666666666666]}, "user_yutong": {"n_train_mse": [22], "n_train_full_mse": [22], "full_mse_scores": [0.050941933727605165], "mse_scores": [0.611303204731262], "n_train_all": [22], "match_rate": [1.0], "scale_error": [0.0], "n_train_p": [0.9166666666666666]}}, "avg_target_error": {"user_jason": {"n_train_mse": [26], "n_train_full_mse": [26], "full_mse_scores": [29.994607481641225], "mse_scores": [419.92450474297715], "n_train_all": [26], "match_rate": [0.75], "scale_error": [0.25625000000000003], "n_train_p": [0.9285714285714286]}, "user_lauren": {"n_train_mse": [18], "n_train_full_mse": [18], "full_mse_scores": [13.401317486021004], "mse_scores": [134.01317486021003], "n_train_all": [18], "match_rate": [0.5], "scale_error": [0.26874999999999993], "n_train_p": [0.9]}, "user_lizzie2": {"n_train_mse": [20], "n_train_full_mse": [20], "full_mse_scores": [69.90864913254869], "mse_scores": [768.9951404580356], "n_train_all": [20], "match_rate": [0.5], "scale_error": [0.55625], "n_train_p": [0.9090909090909091]}, "user_sarah1": {"n_train_mse": [23], "n_train_full_mse": [23], "full_mse_scores": [87.427221060977], "mse_scores": [1092.8402632622126], "n_train_all": [23], "match_rate": [0.6], "scale_error": [0.1749999999999999], "n_train_p": [0.92]}, "user_shreya": {"n_train_mse": [22], "n_train_full_mse": [22], "full_mse_scores": [17.321348021730106], "mse_scores": [207.85617626076126], "n_train_all": [22], "match_rate": [0.5], "scale_error": [0.50625], "n_train_p": [0.9166666666666666]}, "user_sujaan": {"n_train_mse": [22], "n_train_full_mse": [22], "full_mse_scores": [174.0379133421208], "mse_scores": [2088.4549601054496], "n_train_all": [22], "match_rate": [0.75], "scale_error": [0.48125000000000007], "n_train_p": [0.9166666666666666]}, "user_xiao": {"n_train_mse": [22], "n_train_full_mse": [22], "full_mse_scores": [8.769022900646393], "mse_scores": [105.22827480775672], "n_train_all": [22], "match_rate": [0.5], "scale_error": [0.36875], "n_train_p": [0.9166666666666666]}, "user_yutong": {"n_train_mse": [22], "n_train_full_mse": [22], "full_mse_scores": [7.819431970679454], "mse_scores": [93.83318364815345], "n_train_all": [22], "match_rate": [0.75], "scale_error": [0.25625], "n_train_p": [0.9166666666666666]}}, "avg_osd": {"user_jason": {"n_train_mse": [26], "n_train_full_mse": [26], "full_mse_scores": [39.986215076857135], "mse_scores": [559.8070110759999], "n_train_all": [26], "match_rate": [0.75], "scale_error": [0.15], "n_train_p": [0.9285714285714286]}, "user_lauren": {"n_train_mse": [18], "n_train_full_mse": [18], "full_mse_scores": [309.9118760884421], "mse_scores": [3099.118760884421], "n_train_all": [18], "match_rate": [0.75], "scale_error": [0.08125000000000002], "n_train_p": [0.9]}, "user_lizzie2": {"n_train_mse": [20], "n_train_full_mse": [20], "full_mse_scores": [111.81971564775557], "mse_scores": [1230.0168721253112], "n_train_all": [20], "match_rate": [0.75], "scale_error": [0.64375], "n_train_p": [0.9090909090909091]}, "user_sarah1": {"n_train_mse": [23], "n_train_full_mse": [23], "full_mse_scores": [142.32709102944662], "mse_scores": [1779.0886378680827], "n_train_all": [23], "match_rate": [0.6], "scale_error": [0.024999999999999967], "n_train_p": [0.92]}, "user_shreya": {"n_train_mse": [22], "n_train_full_mse": [22], "full_mse_scores": [72.0768520588049], "mse_scores": [864.9222247056589], "n_train_all": [22], "match_rate": [0.5], "scale_error": [0.49375], "n_train_p": [0.9166666666666666]}, "user_sujaan": {"n_train_mse": [22], "n_train_full_mse": [22], "full_mse_scores": [93.15243242122581], "mse_scores": [1117.8291890547098], "n_train_all": [22], "match_rate": [0.5], "scale_error": [0.44375], "n_train_p": [0.9166666666666666]}, "user_xiao": {"n_train_mse": [22], "n_train_full_mse": [22], "full_mse_scores": [162.9183307395527], "mse_scores": [1955.0199688746322], "n_train_all": [22], "match_rate": [0.75], "scale_error": [0.51875], "n_train_p": [0.9166666666666666]}, "user_yutong": {"n_train_mse": [22], "n_train_full_mse": [22], "full_mse_scores": [17.209868394333437], "mse_scores": [206.51842073200123], "n_train_all": [22], "match_rate": [0.5], "scale_error": [0.29374999999999996], "n_train_p": [0.9166666666666666]}}, "avg_movement_speed": {"user_jason": {"n_train_mse": [26], "n_train_full_mse": [26], "full_mse_scores": [211.7545894499653], "mse_scores": [2964.564252299514], "n_train_all": [26], "match_rate": [0.75], "scale_error": [0.36874999999999997], "n_train_p": [0.9285714285714286]}, "user_lauren": {"n_train_mse": [18], "n_train_full_mse": [18], "full_mse_scores": [686.3413122944398], "mse_scores": [6863.413122944398], "n_train_all": [18], "match_rate": [1.0], "scale_error": [0.0], "n_train_p": [0.9]}, "user_lizzie2": {"n_train_mse": [20], "n_train_full_mse": [20], "full_mse_scores": [724.7509644023895], "mse_scores": [7972.260608426285], "n_train_all": [20], "match_rate": [1.0], "scale_error": [0.0], "n_train_p": [0.9090909090909091]}, "user_sarah1": {"n_train_mse": [23], "n_train_full_mse": [23], "full_mse_scores": [1900.2668410251295], "mse_scores": [23753.33551281412], "n_train_all": [23], "match_rate": [1.0], "scale_error": [0.0], "n_train_p": [0.92]}, "user_shreya": {"n_train_mse": [22], "n_train_full_mse": [22], "full_mse_scores": [259.6089078079324], "mse_scores": [3115.3068936951886], "n_train_all": [22], "match_rate": [1.0], "scale_error": [0.0], "n_train_p": [0.9166666666666666]}, "user_sujaan": {"n_train_mse": [22], "n_train_full_mse": [22], "full_mse_scores": [2805.5110802747554], "mse_scores": [33666.13296329707], "n_train_all": [22], "match_rate": [0.75], "scale_error": [0.15], "n_train_p": [0.9166666666666666]}, "user_xiao": {"n_train_mse": [22], "n_train_full_mse": [22], "full_mse_scores": [305.93703528375505], "mse_scores": [3671.2444234050604], "n_train_all": [22], "match_rate": [1.0], "scale_error": [0.0], "n_train_p": [0.9166666666666666]}, "user_yutong": {"n_train_mse": [22], "n_train_full_mse": [22], "full_mse_scores": [327.43088009043714], "mse_scores": [3929.170561085246], "n_train_all": [22], "match_rate": [1.0], "scale_error": [0.0], "n_train_p": [0.9166666666666666]}}, "weighted_performance": {"user_jason": {"n_train_mse": [26], "n_train_full_mse": [26], "full_mse_scores": [146.93953839148222], "mse_scores": [2057.153537480751], "n_train_all": [26],