Overall Summary Statistics,User: shreya
Metric,Min,Max,Mean
Throughput,0.21996501776402086,3.745541530320689,1.1172122609639101
Movement Time,0.7938475873735216,12.776324696011011,3.907381477179351
Target Error,5.126186532227333,24.48355803548092,12.698882022760992
OSD,0.06133463007704246,76.35491658655198,20.980208128028504
