Overall Summary Statistics,User: sujaan
Metric,Min,Max,Mean
Throughput,0.2357425612574064,5.188936187837321,1.5533305477255483
Movement Time,0.5650010638766818,8.00074545542399,2.446721304346014
Target Error,7.414242990905162,63.54972964987693,20.39648694042654
OSD,0.18948161025495092,47.11499158268461,13.042224517155086
